Game,Price,Paid,Savings,Compatibility,,,,,,,,,,
,,,,,,,,,,,,,,
Astro's Playroom,â‚¬0.00,â‚¬0.00,â‚¬0.00,,,,,,,,,,,
AWAY: The Survival Series,â‚¬29.99,â‚¬0.00,â‚¬29.99,,,,,,,,,,,
Beat Cop,â‚¬14.99,â‚¬1.49,â‚¬13.50,,,,,,,,,,,
Bugsnax,â‚¬21.99,â‚¬16.49,â‚¬5.50,,,,,,,,,,,
Captain Tsubasa: Rise of New Champions,â‚¬59.99,â‚¬19.79,â‚¬40.20,,,,,,,,,,,
ClusterTruck,â‚¬14.99,â‚¬4.49,â‚¬10.50,,,,,,,,,,,
Dead End Job,â‚¬14.99,â‚¬2.99,â‚¬12.00,,,,,,,,,,,
Enter The Gungeon,â‚¬14.99,â‚¬7.49,â‚¬7.50,,,,,,,,,,,
Exit the Gungeon,â‚¬9.99,â‚¬6.99,â‚¬3.00,,,,,,,,,,,
Ghostbusters,â‚¬29.99,â‚¬7.99,â‚¬22.00,,,,,,,,,,,
Harvest Moon: A Wonderful Life,â‚¬14.99,â‚¬4.99,â‚¬10.00,,,,,,,,,,,
Hotline Miami 2: Wrong Number,â‚¬14.99,â‚¬3.59,â‚¬11.40,PS3 & VITA,,,,,,,,,,
Hue,â‚¬14.99,â‚¬4.99,â‚¬10.00,VITA,,,,,,,,,,
Human Fall Flat,â‚¬14.99,â‚¬9.99,â‚¬5.00,,,,,,,,,,,
In Rays of the Light,â‚¬7.99,â‚¬5.59,â‚¬2.40,,,,,,,,,,,
Kena: Bridge of Spirits,â‚¬39.99,â‚¬0.00,â‚¬39.99,,,,,,,,,,,
Neon Chrome,â‚¬14.99,â‚¬4.49,â‚¬10.50,VITA,,,,,,,,,,
Overcooked: All You Can Eat Edition,â‚¬128.44,â‚¬94.85,â‚¬33.59,,,,,,,,,,,
Plants vs Zombies: Battle for Neighborville,â‚¬39.99,â‚¬24.99,â‚¬15.00,,,,,,,,,,,
Please Don't Touch Anything,â‚¬9.99,â‚¬4.99,â‚¬5.00,,,,,,,,,,,
Saban's Mighty Morphin Power Rangers: Mega Battle,â‚¬19.99,â‚¬3.99,â‚¬16.00,,,,,,,,,,,
Scott Pilgrim vs The World: The Game,â‚¬14.99,â‚¬8.99,â‚¬6.00,,,,,,,,,,,
Scribblenauts Mega Pack (+1),â‚¬29.99,â‚¬9.99,â‚¬20.00,,,,,,,,,,,
Shovel Knight: Treasure Trove (+4),â‚¬24.99,â‚¬24.99,â‚¬0.00,PS3 & VITA,,,,,,,,,,
Spelunky,â‚¬14.99,â‚¬0.00,â‚¬14.99,PS3 & VITA,,,,,,,,,,
Spy Chameleon,â‚¬4.99,â‚¬1.99,â‚¬3.00,VITA,,,,,,,,,,
Stardew Valley,â‚¬14.99,â‚¬7.99,â‚¬7.00,VITA,,,,,,,,,,
Subnautica: Below Zero,â‚¬29.99,â‚¬19.49,â‚¬10.50,,,,,,,,,,,
Super Monkey Ball: Banana Blitz HD,â‚¬39.99,â‚¬19.99,â‚¬20.00,,,,,,,,,,,
Supermarket Shriek,â‚¬19.99,â‚¬11.99,â‚¬8.00,,,,,,,,,,,
The Escapists,â‚¬17.99,â‚¬6.99,â‚¬11.00,,,,,,,,,,,
The Pedestrian,â‚¬15.99,â‚¬10.39,â‚¬5.60,,,,,,,,,,,
The Sims 4,â‚¬829.63,â‚¬652.43,â‚¬177.20,,,,,,,,,,,
The Sinking City,â‚¬64.99,â‚¬45.49,â‚¬19.50,,,,,,,,,,,
The Warriors,â‚¬13.99,â‚¬5.99,â‚¬8.00,,,,,,,,,,,
Think of the Children,â‚¬12.99,â‚¬2.59,â‚¬10.40,,,,,,,,,,,
Tricky Towers,â‚¬14.99,â‚¬5.99,â‚¬9.00,,,,,,,,,,,
UNO,â‚¬19.99,â‚¬7.99,â‚¬12.00,,,,,,,,,,,
while true: learn( ),â‚¬14.99,â‚¬9.74,â‚¬5.25,,,,,,,,,,,
101 Ways To Die,â‚¬9.99,â‚¬4.99,â‚¬5.00,,,,,,,,,,,
[Prototype],â‚¬24.99,â‚¬7.99,â‚¬17.00,,,,,,,,,,,
[Prototype 2],â‚¬24.99,â‚¬7.99,â‚¬17.00,,,,,,,,,,,
A Boy And His Blob,â‚¬9.99,â‚¬3.99,â‚¬6.00,PS3 & VITA,,,,,,,,,,
A Plague Tale: Innocence,â‚¬51.98,â‚¬16.98,â‚¬35.00,,,,,,,,,,,
Absolute Drift: Zen Edition,â‚¬11.99,â‚¬7.99,â‚¬4.00,,,,,,,,,,,
AbzÃ»,â‚¬19.99,â‚¬0.00,â‚¬19.99,,,,,,,,,,,
Active Soccer 2 DX,â‚¬9.99,â‚¬6.99,â‚¬3.00,VITA,,,,,,,,,,
Amnesia: Collection (+2),â‚¬28.49,â‚¬3.13,â‚¬25.36,,,,,,,,,,,
Amplitude,â‚¬19.99,â‚¬9.99,â‚¬10.00,,,,,,,,,,,
Another World,â‚¬7.99,â‚¬2.99,â‚¬5.00,PS3 & VITA,,,,,,,,,,
Ape Escape 2,â‚¬9.99,â‚¬3.99,â‚¬6.00,,,,,,,,,,,
Armello,â‚¬19.99,â‚¬7.99,â‚¬12.00,,,,,,,,,,,
Armikrog,â‚¬9.99,â‚¬1.99,â‚¬8.00,,,,,,,,,,,
Art Of Balance,â‚¬8.99,â‚¬2.99,â‚¬6.00,,,,,,,,,,,
Assassin's Creed Valhalla: Ultimate Edition,â‚¬119.99,â‚¬59.99,â‚¬60.00,,,,,,,,,,,
Assault Android Cactus,â‚¬14.49,â‚¬3.99,â‚¬10.50,,,,,,,,,,,
Aven Colony,â‚¬29.99,â‚¬14.99,â‚¬15.00,,,,,,,,,,,
Back To The Future TTG,â‚¬12.98,â‚¬12.98,â‚¬0.00,PS3,,,,,,,,,,
Badland,â‚¬11.99,â‚¬4.99,â‚¬7.00,PS3 & VITA,,,,,,,,,,
Batman Season 1 TTG,â‚¬19.99,â‚¬19.99,â‚¬0.00,,,,,,,,,,,
Batman Season 2 TTG,â‚¬14.99,â‚¬14.99,â‚¬0.00,,,,,,,,,,,
Batman: Arkham Asylum,â‚¬19.99,â‚¬7.99,â‚¬12.00,,,,,,,,,,,
Batman: Arkham City,â‚¬19.99,â‚¬7.99,â‚¬12.00,,,,,,,,,,,
Batman: Arkham Knight,â‚¬19.99,â‚¬7.99,â‚¬12.00,,,,,,,,,,,
Battlefield 1: Revolution,â‚¬19.99,â‚¬0.00,â‚¬19.99,,,,,,,,,,,
Bear With Me,â‚¬14.99,â‚¬7.49,â‚¬7.50,,,,,,,,,,,
Beyond Eyes,â‚¬12.99,â‚¬3.99,â‚¬9.00,,,,,,,,,,,
Beyond Two Souls,â‚¬19.99,â‚¬5.99,â‚¬14.00,,,,,,,,,,,
BioShock 1 & 2: The Collection (+1),â‚¬24.99,â‚¬9.99,â‚¬15.00,,,,,,,,,,,
BioShock Infinite: The Collection,â‚¬24.99,â‚¬9.99,â‚¬15.00,,,,,,,,,,,
Bloodborne,â‚¬34.99,â‚¬18.24,â‚¬16.75,,,,,,,,,,,
Blood Bowl 2,â‚¬19.99,â‚¬7.49,â‚¬12.50,,,,,,,,,,,
Borderlands: The Handsome Collection (+1),â‚¬109.98,â‚¬62.98,â‚¬47.00,VR ðŸ’Ž,,,,,,,,,,
Borderlands: Game of the Year Edition,â‚¬29.99,â‚¬29.99,â‚¬0.00,,,,,,,,,,,
Borderlands 3,â‚¬114.98,â‚¬114.98,â‚¬0.00,,,,,,,,,,,
Bridge Constructor,â‚¬9.99,â‚¬3.99,â‚¬6.00,VITA ,,,,,,,,,,
Broforce,â‚¬14.99,â‚¬4.99,â‚¬10.00,,,,,,,,,,,
Broken Age,â‚¬14.99,â‚¬6.99,â‚¬8.00,VITA ,,,,,,,,,,
Brothers: A Tale of Two Sons,â‚¬19.99,â‚¬4.99,â‚¬15.00,,,,,,,,,,,
Bully,â‚¬23.98,â‚¬15.98,â‚¬8.00,PS3,,,,,,,,,,
Burnout Paradise: Remastered,â‚¬39.98,â‚¬9.99,â‚¬29.99,PS3,,,,,,,,,,
Castle Crashers: Remastered,â‚¬30.98,â‚¬30.98,â‚¬0.00,PS3,,,,,,,,,,
Castlevania Requiem: Symphony of the Night and Rondo of Blood (+1),â‚¬29.98,â‚¬8.99,â‚¬20.99,PS3,,,,,,,,,,
Catherine: Full Body,â‚¬79.98,â‚¬79.98,â‚¬0.00,PS3,,,,,,,,,,
Cel Damage HD,â‚¬13.98,â‚¬7.98,â‚¬6.00,PS3,,,,,,,,,,
Celeste,â‚¬19.99,â‚¬11.99,â‚¬8.00,,,,,,,,,,,
Chicken Police: Paint It Red,â‚¬19.99,â‚¬13.99,â‚¬6.00,,,,,,,,,,,
Child Of Light,â‚¬14.99,â‚¬4.99,â‚¬10.00,PS3,,,,,,,,,,
Chime Sharp,â‚¬9.99,â‚¬2.99,â‚¬7.00,,,,,,,,,,,
Cities: Skylines,â‚¬139.98,â‚¬84.98,â‚¬55.00,,,,,,,,,,,
Claire,â‚¬16.99,â‚¬4.99,â‚¬12.00,VITA,,,,,,,,,,
Cloudpunk,â‚¬24.99,â‚¬17.49,â‚¬7.50,,,,,,,,,,,
Color Slayer,â‚¬1.99,â‚¬1.99,â‚¬0.00,VITA,,,,,,,,,,
Concept Destruction,â‚¬4.99,â‚¬3.24,â‚¬1.75,,,,,,,,,,,
Concrete Genie,â‚¬29.99,â‚¬23.99,â‚¬6.00,VR ðŸ’Ž,,,,,,,,,,
Cosmophony,â‚¬4.99,â‚¬1.99,â‚¬3.00,PS3 & VITA,,,,,,,,,,
CounterSpy,â‚¬12.99,â‚¬3.99,â‚¬9.00,PS3 & VITA,,,,,,,,,,
Crash Bandicoot N Sane Trilogy (+2),â‚¬39.99,â‚¬39.99,â‚¬0.00,,,,,,,,,,,
Crash Bandicoot 4: It's About Time,â‚¬69.99,â‚¬0.00,â‚¬69.99,,,,,,,,,,,
Crash Team Racing: Nitro Fueled,â‚¬59.99,â‚¬59.99,â‚¬0.00,,,,,,,,,,,
Croixleur Sigma,â‚¬13.99,â‚¬4.99,â‚¬9.00,VITA,,,,,,,,,,
Cyberpunk 2077,â‚¬49.99,â‚¬33.49,â‚¬16.50,,,,,,,,,,,
Danger Zone,â‚¬10.99,â‚¬2.99,â‚¬8.00,,,,,,,,,,,
Dangerous Driving,â‚¬29.99,â‚¬7.49,â‚¬22.50,,,,,,,,,,,
Dangerous Golf,â‚¬7.99,â‚¬2.99,â‚¬5.00,,,,,,,,,,,
Dark Chronicle,â‚¬14.99,â‚¬14.99,â‚¬0.00,,,,,,,,,,,
Dark Cloud,â‚¬14.99,â‚¬8.99,â‚¬6.00,,,,,,,,,,,
Dark Souls II: Scholar of the First Sin,â‚¬19.99,â‚¬9.99,â‚¬10.00,,,,,,,,,,,
Dark Souls III,â‚¬49.99,â‚¬11.99,â‚¬38.00,,,,,,,,,,,
Dark Souls Remastered,â‚¬39.99,â‚¬14.79,â‚¬25.20,,,,,,,,,,,
Day Of The Tentacle Remastered,â‚¬14.99,â‚¬4.74,â‚¬10.25,VITA,,,,,,,,,,
Days Gone,â‚¬69.99,â‚¬0.00,â‚¬69.99,,,,,,,,,,,
Dead Island: Retro Revenge,â‚¬4.99,â‚¬2.99,â‚¬2.00,,,,,,,,,,,
Dead or Alive 5: Last Round,â‚¬59.98,â‚¬33.98,â‚¬26.00,PS3 & VITA,,,,,,,,,,
Dead Rising,â‚¬19.99,â‚¬4.99,â‚¬15.00,,,,,,,,,,,
Deadpool,â‚¬39.99,â‚¬19.99,â‚¬20.00,,,,,,,,,,,
Death Squared,â‚¬13.99,â‚¬6.99,â‚¬7.00,,,,,,,,,,,
Destiny 2,â‚¬0.00,â‚¬0.00,â‚¬0.00,,,,,,,,,,,
Destroy All Humans!,â‚¬19.99,â‚¬7.99,â‚¬12.00,,,,,,,,,,,
Destroy All Humans! Remake,â‚¬39.99,â‚¬31.99,â‚¬8.00,,,,,,,,,,,
Destroy All Humans! 2,â‚¬19.99,â‚¬7.99,â‚¬12.00,,,,,,,,,,,
Detroit: Become Human,â‚¬29.99,â‚¬0.00,â‚¬29.99,,,,,,,,,,,
Devil May Cry Trilogy HD Collection (+2),â‚¬21.99,â‚¬10.99,â‚¬11.00,,,,,,,,,,,
Devil May Cry 4,â‚¬22.99,â‚¬10.99,â‚¬12.00,,,,,,,,,,,
Devil May Cry 5,â‚¬49.99,â‚¬44.99,â‚¬5.00,,,,,,,,,,,
Dex,â‚¬19.99,â‚¬9.99,â‚¬10.00,VITA,,,,,,,,,,
Disney Classic Games: Aladdin & The Lion King (+1),â‚¬34.99,â‚¬34.99,â‚¬0.00,,,,,,,,,,,
Doki-Doki Universe,â‚¬7.49,â‚¬1.99,â‚¬5.50,PS3 & VITA,,,,,,,,,,
Donut County,â‚¬12.99,â‚¬6.49,â‚¬6.50,,,,,,,,,,,
Downwell,â‚¬4.99,â‚¬1.99,â‚¬3.00,VITA,,,,,,,,,,
DreamBall,â‚¬5.99,â‚¬5.99,â‚¬0.00,,,,,,,,,,,
Dreams,â‚¬39.99,â‚¬29.99,â‚¬10.00,,,,,,,,,,,
Duke Nukem 3D,â‚¬22.98,â‚¬8.98,â‚¬14.00,PS3 & VITA,,,,,,,,,,
Entwined,â‚¬7.99,â‚¬1.99,â‚¬6.00,PS3 & VITA,,,,,,,,,,
Escape Plan,â‚¬19.99,â‚¬19.99,â‚¬0.00,PS3 & VITA,,,,,,,,,,
Everybody's Golf,â‚¬75.93,â‚¬55.93,â‚¬20.00,,,,,,,,,,,
Evil Inside,â‚¬12.99,â‚¬9.09,â‚¬3.90,,,,,,,,,,,
F1 2021,â‚¬69.99,â‚¬0.00,â‚¬69.99,,,,,,,,,,,
Fall Guys: Ultimate Knockout,â‚¬19.99,â‚¬0.00,â‚¬19.99,,,,,,,,,,,
Fallout 4,â‚¬19.99,â‚¬12.99,â‚¬7.00,,,,,,,,,,,
Far Cry 3,â‚¬29.99,â‚¬17.99,â‚¬12.00,,,,,,,,,,,
Far Cry 4,â‚¬24.99,â‚¬7.99,â‚¬17.00,,,,,,,,,,,
Far Cry 5,â‚¬99.98,â‚¬49.98,â‚¬50.00,,,,,,,,,,,
Far Cry: New Dawn,â‚¬54.99,â‚¬27.49,â‚¬27.50,,,,,,,,,,,
Far Cry: Primal,â‚¬24.99,â‚¬7.99,â‚¬17.00,,,,,,,,,,,
Fat Princess Adventures,â‚¬19.99,â‚¬9.99,â‚¬10.00,,,,,,,,,,,
Fez,â‚¬9.99,â‚¬1.99,â‚¬8.00,PS3 & VITA,,,,,,,,,,
FIFA 18,â‚¬69.99,â‚¬69.99,â‚¬0.00,,,,,,,,,,,
FIFA 19,â‚¬69.99,â‚¬39.89,â‚¬30.10,,,,,,,,,,,
FIFA 20,â‚¬69.99,â‚¬27.99,â‚¬42.00,,,,,,,,,,,
FIFA 21,â‚¬89.99,â‚¬24.29,â‚¬65.70,,,,,,,,,,,
Final Fantasy X/X-2 HD Remaster (+1),â‚¬29.99,â‚¬14.99,â‚¬15.00,,,,,,,,,,,
Final Fantasy XV: Royal Edition,â‚¬34.99,â‚¬0.00,â‚¬34.99,,,,,,,,,,,
First Class Trouble,â‚¬19.99,â‚¬0.00,â‚¬19.99,,,,,,,,,,,
Flockers,â‚¬24.99,â‚¬4.99,â‚¬20.00,,,,,,,,,,,
flOw,â‚¬4.99,â‚¬1.99,â‚¬3.00,PS3 & VITA,,,,,,,,,,
Flower,â‚¬7.99,â‚¬1.99,â‚¬6.00,PS3 & VITA,,,,,,,,,,
forma.8,â‚¬9.99,â‚¬2.99,â‚¬7.00,VITA,,,,,,,,,,
Fortnite,â‚¬0.00,â‚¬0.00,â‚¬0.00,,,,,,,,,,,
Futuridium,â‚¬9.99,â‚¬2.99,â‚¬7.00,VITA,,,,,,,,,,
Game Of Thrones TTG,â‚¬14.99,â‚¬14.99,â‚¬0.00,,,,,,,,,,,
Genshin Impact,â‚¬0.00,â‚¬0.00,â‚¬0.00,,,,,,,,,,,
Geometry Wars 3: Dimensions Evolved,â‚¬14.99,â‚¬3.99,â‚¬11.00,,,,,,,,,,,
Ghost Blade HD,â‚¬8.99,â‚¬3.99,â‚¬5.00,,,,,,,,,,,
Ghost of Tsushima,â‚¬69.99,â‚¬49.69,â‚¬20.30,,,,,,,,,,,
Goat Simulator,â‚¬31.95,â‚¬18.55,â‚¬13.40,,,,,,,,,,,
God of War,â‚¬19.99,â‚¬0.00,â‚¬19.99,,,,,,,,,,,
God of War III Remastered,â‚¬19.99,â‚¬9.99,â‚¬10.00,,,,,,,,,,,
Godfall,â‚¬14.99,â‚¬0.00,â‚¬14.99,,,,,,,,,,,
Grand Ages: Medieval,â‚¬39.99,â‚¬3.99,â‚¬36.00,,,,,,,,,,,
Grand Theft Auto III,â‚¬10.99,â‚¬5.99,â‚¬5.00,,,,,,,,,,,
Grand Theft Auto V,â‚¬69.99,â‚¬24.99,â‚¬45.00,PS3,,,,,,,,,,
Grand Theft Auto: San Andreas,â‚¬12.00,â‚¬7.00,â‚¬5.00,,,,,,,,,,,
Grand Theft Auto: Vice City,â‚¬12.00,â‚¬7.00,â‚¬5.00,,,,,,,,,,,
Grim Fandango Remastered,â‚¬14.99,â‚¬3.99,â‚¬11.00,VITA,,,,,,,,,,
Hatoful Boyfriend,â‚¬9.99,â‚¬2.99,â‚¬7.00,VITA,,,,,,,,,,
Heart&Slash,â‚¬19.99,â‚¬3.99,â‚¬16.00,,,,,,,,,,,
Heavy Rain,â‚¬22.99,â‚¬8.99,â‚¬14.00,PS3 ðŸ“€,,,,,,,,,,
Hell Let Loose,â‚¬39.99,â‚¬0.00,â‚¬39.99,,,,,,,,,,,
Helldivers,â‚¬29.99,â‚¬29.99,â‚¬0.00,PS3 & VITA,,,,,,,,,,
Hitman 2,â‚¬69.99,â‚¬0.00,â‚¬69.99,,,,,,,,,,,
Hohokum,â‚¬12.99,â‚¬3.99,â‚¬9.00,PS3 & VITA,,,,,,,,,,
Hollow Knight: Voidheart Edition,â‚¬14.49,â‚¬0.00,â‚¬14.49,,,,,,,,,,,
Home,â‚¬4.99,â‚¬1.99,â‚¬3.00,VITA,,,,,,,,,,
HoPiKo,â‚¬6.99,â‚¬1.99,â‚¬5.00,,,,,,,,,,,
Horizon Zero Dawn,â‚¬34.98,â‚¬27.98,â‚¬7.00,,,,,,,,,,,
Hotline Miami,â‚¬0.00,â‚¬0.00,â‚¬0.00,PS3 & VITA,,,,,,,,,,
inFamous First Light,â‚¬14.99,â‚¬7.99,â‚¬7.00,,,,,,,,,,,
inFamous Second Son,â‚¬14.99,â‚¬6.99,â‚¬8.00,,,,,,,,,,,
Infliction: Extended Cut,â‚¬17.99,â‚¬8.99,â‚¬9.00,,,,,,,,,,,
Injustice: Gods Among Us,â‚¬59.99,â‚¬9.59,â‚¬50.40,,,,,,,,,,,
Jak 3,â‚¬26.98,â‚¬26.98,â‚¬0.00,PS3 & VITA,,,,,,,,,,
Jak and Daxter: The Precursor Legacy,â‚¬26.98,â‚¬26.98,â‚¬0.00,PS3 & VITA,,,,,,,,,,
Jak II,â‚¬24.97,â‚¬24.97,â‚¬0.00,PS3 & VITA,,,,,,,,,,
Jak X,â‚¬9.99,â‚¬9.99,â‚¬0.00,,,,,,,,,,,
Jazzpunk: Director's Cut,â‚¬17.99,â‚¬4.99,â‚¬13.00,,,,,,,,,,,
Jetpack Joyride,â‚¬5.58,â‚¬3.98,â‚¬1.60,VITA,,,,,,,,,,
Journey,â‚¬14.99,â‚¬14.99,â‚¬0.00,PS3,,,,,,,,,,
Katamari Damacy: Reroll,â‚¬49.98,â‚¬40.98,â‚¬9.00,VITA,,,,,,,,,,
Kerbal Space Program,â‚¬39.99,â‚¬19.99,â‚¬20.00,,,,,,,,,,,
Kingdom Hearts HD 1.5 & 2.5 (+5),â‚¬36.99,â‚¬12.10,â‚¬24.89,,,,,,,,,,,
Kingdom Hearts HD 2.8 Final Chapter Prologue (+2),â‚¬36.99,â‚¬12.10,â‚¬24.89,,,,,,,,,,,
Kingdom Hearts III,â‚¬35.99,â‚¬12.09,â‚¬23.90,,,,,,,,,,,
Kingdoms of Amalur: Re-Reckoning,â‚¬39.99,â‚¬0.00,â‚¬39.99,,,,,,,,,,,
Knockout City,â‚¬19.99,â‚¬0.00,â‚¬19.99,,,,,,,,,,,
LA Cops,â‚¬13.99,â‚¬2.99,â‚¬11.00,,,,,,,,,,,
LEGO City Undercover,â‚¬59.99,â‚¬16.99,â‚¬43.00,,,,,,,,,,,
LEGO DC Super-Villains,â‚¬59.99,â‚¬0.00,â‚¬59.99,,,,,,,,,,,
LEGO Harry Potter Collection (+1),â‚¬39.99,â‚¬19.99,â‚¬20.00,VITA,,,,,,,,,,
LEGO Marvel,â‚¬39.99,â‚¬9.99,â‚¬30.00,,,,,,,,,,,
Lichtspeer,â‚¬9.99,â‚¬5.99,â‚¬4.00,VITA,,,,,,,,,,
Life Is Strange,â‚¬16.99,â‚¬5.99,â‚¬11.00,PS3,,,,,,,,,,
LittleBigPlanet 3,â‚¬19.99,â‚¬9.99,â‚¬10.00,,,,,,,,,,,
LocoRoco,â‚¬14.99,â‚¬14.99,â‚¬0.00,,,,,,,,,,,
Lovers In A Dangerous Spacetime,â‚¬14.99,â‚¬4.99,â‚¬10.00,,,,,,,,,,,
LUMO,â‚¬17.99,â‚¬9.99,â‚¬8.00,VITA,,,,,,,,,,
Mafia: Definitive Edition,â‚¬39.99,â‚¬29.99,â‚¬10.00,,,,,,,,,,,
Mafia III,â‚¬39.99,â‚¬9.99,â‚¬30.00,,,,,,,,,,,
Maneater,â‚¬39.99,â‚¬19.99,â‚¬20.00,,,,,,,,,,,
Manhunt,â‚¬13.99,â‚¬5.99,â‚¬8.00,,,,,,,,,,,
Manual Samuel,â‚¬9.99,â‚¬4.99,â‚¬5.00,,,,,,,,,,,
Maquette,â‚¬17.99,â‚¬14.39,â‚¬3.60,,,,,,,,,,,
Marvel's Guardians Of The Galaxy TTG,â‚¬14.99,â‚¬14.99,â‚¬0.00,,,,,,,,,,,
Marvel's Spider-Man,â‚¬79.99,â‚¬0.00,â‚¬79.99,,,,,,,,,,,
Mass Effect: Legendary Edition,â‚¬69.99,â‚¬44.79,â‚¬25.20,,,,,,,,,,,
Max Payne,â‚¬13.99,â‚¬5.99,â‚¬8.00,,,,,,,,,,,
MediEvil,â‚¬29.99,â‚¬29.99,â‚¬0.00,,,,,,,,,,,
Mega Man Legacy Collection (+5),â‚¬14.99,â‚¬7.99,â‚¬7.00,,,,,,,,,,,
Mega Man Legacy Collection 2 (+3),â‚¬14.99,â‚¬7.99,â‚¬7.00,,,,,,,,,,,
Mega Man X Legacy Collection (+3),â‚¬19.99,â‚¬11.99,â‚¬8.00,,,,,,,,,,,
Mega Man X Legacy Collection 2 (+3),â‚¬19.99,â‚¬11.99,â‚¬8.00,,,,,,,,,,,
Metal Gear Solid V: The Phantom Pain,â‚¬29.99,â‚¬7.49,â‚¬22.50,,,,,,,,,,,
Metro Exodus,â‚¬39.99,â‚¬9.99,â‚¬30.00,,,,,,,,,,,
Metro Redux (+1),â‚¬29.99,â‚¬4.49,â‚¬25.50,,,,,,,,,,,
Micro Machines World Series,â‚¬39.99,â‚¬26.99,â‚¬13.00,,,,,,,,,,,
Minutes,â‚¬4.49,â‚¬3.49,â‚¬1.00,VITA,,,,,,,,,,
Monopoly Family Fun Pack,â‚¬29.99,â‚¬19.99,â‚¬10.00,,,,,,,,,,,
Monster Hunter World: Iceborne,â‚¬19.99,â‚¬0.00,â‚¬19.99,,,,,,,,,,,
Mortal Kombat X,â‚¬19.99,â‚¬0.00,â‚¬19.99,,,,,,,,,,,
Mortal Shell,â‚¬29.99,â‚¬0.00,â‚¬29.99,,,,,,,,,,,
Mother Russia Bleeds,â‚¬12.99,â‚¬4.49,â‚¬8.50,,,,,,,,,,,
Ninja Senki DX,â‚¬5.99,â‚¬1.99,â‚¬4.00,VITA,,,,,,,,,,
Nitroplus Blasterz: Heroines Infinite Duel,â‚¬19.99,â‚¬14.99,â‚¬5.00,,,,,,,,,,,
No Man's Sky,â‚¬49.99,â‚¬24.99,â‚¬25.00,,,,,,,,,,,
Octodad: Dadliest Catch,â‚¬13.99,â‚¬7.00,â‚¬6.99,VITA,,,,,,,,,,
Oddworld: New 'n' Tasty,â‚¬23.58,â‚¬20.98,â‚¬2.60,PS3 & VITA,,,,,,,,,,
Oddworld: Soulstorm,â‚¬49.99,â‚¬49.99,â‚¬0.00,,,,,,,,,,,
OlliOlli: Epic Combo Edition,â‚¬24.99,â‚¬9.99,â‚¬15.00,VITA ,,,,,,,,,,
OlliOlli 2,â‚¬12.99,â‚¬6.49,â‚¬6.50,VITA ,,,,,,,,,,
One Escape,â‚¬4.99,â‚¬3.49,â‚¬1.50,,,,,,,,,,,
One Piece Unlimited World Red,â‚¬79.98,â‚¬18.98,â‚¬61.00,VITA,,,,,,,,,,
Outbreak: Epidemic,â‚¬14.99,â‚¬8.24,â‚¬6.75,,,,,,,,,,,
Outlast,â‚¬18.99,â‚¬3.79,â‚¬15.20,,,,,,,,,,,
Ovivo,â‚¬6.99,â‚¬2.79,â‚¬4.20,,,,,,,,,,,
Oxenfree,â‚¬9.99,â‚¬4.99,â‚¬5.00,,,,,,,,,,,
Pac-Man 256,â‚¬4.99,â‚¬4.99,â‚¬0.00,,,,,,,,,,,
PaRappa The Rapper Remastered,â‚¬14.99,â‚¬14.99,â‚¬0.00,,,,,,,,,,,
PaRappa The Rapper 2,â‚¬9.99,â‚¬5.99,â‚¬4.00,,,,,,,,,,,
Party Hard,â‚¬12.99,â‚¬4.99,â‚¬8.00,,,,,,,,,,,
Persona 5,â‚¬69.99,â‚¬34.99,â‚¬35.00,,,,,,,,,,,
PGA Tour 2K21,â‚¬59.99,â‚¬0.00,â‚¬59.99,,,,,,,,,,,
Pic-A-Pix Color,â‚¬7.99,â‚¬3.99,â‚¬4.00,VITA,,,,,,,,,,
PixelJunk Shooter Ultimate,â‚¬11.99,â‚¬2.99,â‚¬9.00,VITA,,,,,,,,,,
Poltergeist: A Pixelated Horror,â‚¬7.99,â‚¬2.99,â‚¬5.00,VITA,,,,,,,,,,
Polybius,â‚¬16.99,â‚¬4.99,â‚¬12.00,VR ðŸ’Ž ,,,,,,,,,,
Psychonauts,â‚¬10.99,â‚¬7.99,â‚¬3.00,,,,,,,,,,,
Psychonauts 2,â‚¬59.99,â‚¬41.99,â‚¬18.00,,,,,,,,,,,
Pumped BMX+,â‚¬9.99,â‚¬2.99,â‚¬7.00,PS3 & VITA,,,,,,,,,,
Putty Squad,â‚¬24.99,â‚¬6.99,â‚¬18.00,,,,,,,,,,,
Quest Of Dungeons,â‚¬8.99,â‚¬3.99,â‚¬5.00,,,,,,,,,,,
Rally Copters,â‚¬10.99,â‚¬10.99,â‚¬0.00,VITA,,,,,,,,,,
Ratchet & Clank,â‚¬39.99,â‚¬16.49,â‚¬23.50,,,,,,,,,,,
Ratchet & Clank: Rift Apart,â‚¬79.99,â‚¬0.00,â‚¬79.99,,,,,,,,,,,
Rayman Legends,â‚¬39.98,â‚¬26.99,â‚¬12.99,PS3 & VITA,,,,,,,,,,
Red Dead Redemption 2,â‚¬69.99,â‚¬34.99,â‚¬35.00,,,,,,,,,,,
Red Dead Revolver,â‚¬13.99,â‚¬5.99,â‚¬8.00,,,,,,,,,,,
Resident Evil: Re:Verse,â‚¬0.00,â‚¬0.00,â‚¬0.00,,,,,,,,,,,
Resident Evil: Resistance,â‚¬0.00,â‚¬0.00,â‚¬0.00,,,,,,,,,,,
Resident Evil 0,â‚¬19.99,â‚¬4.99,â‚¬15.00,,,,,,,,,,,
Resident Evil,â‚¬19.99,â‚¬4.99,â‚¬15.00,,,,,,,,,,,
Resident Evil 2,â‚¬59.99,â‚¬59.99,â‚¬0.00,,,,,,,,,,,
Resident Evil 3,â‚¬59.99,â‚¬19.79,â‚¬40.20,,,,,,,,,,,
Resident Evil 4,â‚¬19.99,â‚¬7.99,â‚¬12.00,,,,,,,,,,,
Resident Evil 5,â‚¬19.99,â‚¬7.99,â‚¬12.00,,,,,,,,,,,
Resident Evil 6,â‚¬19.99,â‚¬7.99,â‚¬12.00,,,,,,,,,,,
Resident Evil 7,â‚¬49.98,â‚¬26.98,â‚¬23.00,VR ðŸ’Ž ,,,,,,,,,,
Resident Evil Revelations,â‚¬19.99,â‚¬7.49,â‚¬12.50,,,,,,,,,,,
Resident Evil Revelations 2,â‚¬19.99,â‚¬7.49,â‚¬12.50,,,,,,,,,,,
Resident Evil Village,â‚¬69.99,â‚¬39.89,â‚¬30.10,,,,,,,,,,,
RESOGUN,â‚¬12.99,â‚¬3.99,â‚¬9.00,PS3 & VITA,,,,,,,,,,
Retro City Rampage DX,â‚¬9.99,â‚¬4.99,â‚¬5.00,PS3 & VITA,,,,,,,,,,
Riptide GP: Renegade,â‚¬9.99,â‚¬3.99,â‚¬6.00,,,,,,,,,,,
Rise Of The Tomb Raider,â‚¬29.99,â‚¬14.99,â‚¬15.00,VR ðŸ’Ž ,,,,,,,,,,
Risk Of Rain,â‚¬8.99,â‚¬3.99,â‚¬5.00,VITA,,,,,,,,,,
Road Redemption,â‚¬19.99,â‚¬7.99,â‚¬12.00,,,,,,,,,,,
Rock Boshers DX: Director's Cut,â‚¬5.49,â‚¬5.49,â‚¬0.00,VITA,,,,,,,,,,
Rocket League,â‚¬34.58,â‚¬26.58,â‚¬8.00,,,,,,,,,,,
Rocketbirds 2: Evolution,â‚¬12.99,â‚¬12.99,â‚¬0.00,VITA,,,,,,,,,,
Rogue Company,â‚¬0.00,â‚¬0.00,â‚¬0.00,,,,,,,,,,,
Rogue Legacy,â‚¬12.99,â‚¬4.99,â‚¬8.00,PS3 & VITA,,,,,,,,,,
Rollercoaster Dreams,â‚¬20.99,â‚¬9.99,â‚¬11.00,VR ðŸ’Ž,,,,,,,,,,
Saints Row The Third: Remastered,â‚¬49.98,â‚¬39.98,â‚¬10.00,PS3,,,,,,,,,,
Saints Row IV: Re-Elected,â‚¬34.98,â‚¬7.49,â‚¬27.49,PS3 ðŸ“€,,,,,,,,,,
Saints Row IV: Gat out of Hell,â‚¬19.99,â‚¬7.99,â‚¬12.00,,,,,,,,,,,
Sekiro: Shadows Die Twice,â‚¬69.99,â‚¬45.49,â‚¬24.50,,,,,,,,,,,
Shantae and The Pirate's Curse,â‚¬19.99,â‚¬19.99,â‚¬0.00,PS5 TBC,,,,,,,,,,
Shing!,â‚¬19.99,â‚¬4.99,â‚¬15.00,,,,,,,,,,,
ShredIt,â‚¬8.99,â‚¬5.49,â‚¬3.50,,,,,,,,,,,
Sir Lovelot,â‚¬9.99,â‚¬6.99,â‚¬3.00,,,,,,,,,,,
Slain,â‚¬14.99,â‚¬4.99,â‚¬10.00,VITA,,,,,,,,,,
Sleeping Dogs,â‚¬29.99,â‚¬4.49,â‚¬25.50,,,,,,,,,,,
Slender: The Arrival,â‚¬9.99,â‚¬1.49,â‚¬8.50,,,,,,,,,,,
Sonic Mania,â‚¬24.98,â‚¬24.98,â‚¬0.00,,,,,,,,,,,
SoulCalibur VI,â‚¬99.99,â‚¬99.99,â‚¬0.00,,,,,,,,,,,
Sound Shapes,â‚¬14.99,â‚¬3.99,â‚¬11.00,PS3 & VITA,,,,,,,,,,
South Park: The Fractured But Whole,â‚¬96.94,â‚¬57.94,â‚¬39.00,,,,,,,,,,,
South Park: The Stick of Truth,â‚¬0.00,â‚¬0.00,â‚¬0.00,,,,,,,,,,,
Spacebase Startopia,â‚¬49.99,â‚¬29.99,â‚¬20.00,,,,,,,,,,,
Spirit of the North: Enhanced Edition,â‚¬24.99,â‚¬12.49,â‚¬12.50,,,,,,,,,,,
SpongeBob Squarepants: Battle for Bikini Bottom - Rehydrated,â‚¬29.99,â‚¬17.99,â‚¬12.00,,,,,,,,,,,
Spyro Reignited Trilogy (+2),â‚¬39.99,â‚¬39.99,â‚¬0.00,,,,,,,,,,,
Star Wars Episode I: Racer,â‚¬14.99,â‚¬9.74,â‚¬5.25,,,,,,,,,,,
Stealth Inc: A Clone In The Dark,â‚¬8.49,â‚¬2.49,â‚¬6.00,PS3 & VITA,,,,,,,,,,
Stealth Inc 2: A Game Of Clones,â‚¬8.49,â‚¬2.49,â‚¬6.00,PS3 & VITA,,,,,,,,,,
SteamWorld Dig,â‚¬8.99,â‚¬1.99,â‚¬7.00,VITA,,,,,,,,,,
SteamWorld Heist,â‚¬14.99,â‚¬9.99,â‚¬5.00,VITA,,,,,,,,,,
Stikbold! A Dodgeball Adventure,â‚¬9.99,â‚¬4.49,â‚¬5.50,,,,,,,,,,,
Stranded Deep,â‚¬19.99,â‚¬0.00,â‚¬19.99,,,,,,,,,,,
Street Fighter 30th Anniversary Collection (+11),â‚¬39.99,â‚¬14.79,â‚¬25.20,,,,,,,,,,,
Subnautica,â‚¬29.99,â‚¬0.00,â‚¬29.99,,,,,,,,,,,
Sumatra: Fate of Yandi,â‚¬5.99,â‚¬4.19,â‚¬1.80,,,,,,,,,,,
Super Kickers League Ultimate,â‚¬19.99,â‚¬5.99,â‚¬14.00,,,,,,,,,,,
Super Meat Boy!,â‚¬15.99,â‚¬5.59,â‚¬10.40,VITA,,,,,,,,,,
Super Stardust Ultra,â‚¬32.98,â‚¬17.98,â‚¬15.00,VR ðŸ’Ž,,,,,,,,,,
Superbeat: Xonic EX,â‚¬49.98,â‚¬12.98,â‚¬37.00,VITA,,,,,,,,,,
Surgeon Simulator,â‚¬30.98,â‚¬24.98,â‚¬6.00,VR ðŸ’Ž,,,,,,,,,,
Switch Galaxy Ultra,â‚¬10.99,â‚¬3.99,â‚¬7.00,VITA,,,,,,,,,,
Syrup and the Ultimate Sweet,â‚¬4.99,â‚¬4.99,â‚¬0.00,VITA,,,,,,,,,,
Table Top Racing: World Tour,â‚¬12.98,â‚¬12.98,â‚¬0.00,,,,,,,,,,,
Tales From The Borderlands TTG,â‚¬29.98,â‚¬29.98,â‚¬0.00,PS3,,,,,,,,,,
Tearaway Unfolded,â‚¬19.99,â‚¬11.99,â‚¬8.00,,,,,,,,,,,
Tekken 7,â‚¬74.98,â‚¬29.98,â‚¬45.00,VR ðŸ’Ž,,,,,,,,,,
Tembo The Badass Elephant,â‚¬12.99,â‚¬3.49,â‚¬9.50,,,,,,,,,,,
Tennis in the Face,â‚¬9.98,â‚¬9.98,â‚¬0.00,PS3 & VITA,,,,,,,,,,
Tennis World Tour 2,â‚¬49.99,â‚¬0.00,â‚¬49.99,,,,,,,,,,,
Terminator: Resistance Enhanced,â‚¬44.99,â‚¬26.99,â‚¬18.00,,,,,,,,,,,
Terraria,â‚¬33.98,â‚¬15.49,â‚¬18.49,,,,,,,,,,,
Tethered,â‚¬28.49,â‚¬28.49,â‚¬0.00,VR ðŸ’Ž,,,,,,,,,,
Tetris Ultimate,â‚¬39.99,â‚¬5.99,â‚¬34.00,,,,,,,,,,,
That's You!,â‚¬0.00,â‚¬0.00,â‚¬0.00,,,,,,,,,,,
The Binding of Isaac: Rebirth,â‚¬14.99,â‚¬0.00,â‚¬14.99,VITA,,,,,,,,,,
The Bug Butcher,â‚¬9.99,â‚¬4.99,â‚¬5.00,,,,,,,,,,,
The Crew,â‚¬24.99,â‚¬11.99,â‚¬13.00,,,,,,,,,,,
The Darkside Detective,â‚¬12.99,â‚¬9.74,â‚¬3.25,,,,,,,,,,,
The Disney Afternoon Collection (+3),â‚¬19.99,â‚¬4.99,â‚¬15.00,,,,,,,,,,,
The Evil Within,â‚¬19.99,â‚¬5.99,â‚¬14.00,,,,,,,,,,,
The Flame in the Flood,â‚¬14.99,â‚¬4.49,â‚¬10.50,,,,,,,,,,,
The Last Guardian,â‚¬34.99,â‚¬0.00,â‚¬34.99,,,,,,,,,,,
The Last Of Us: Left Behind Remastered,â‚¬9.99,â‚¬4.99,â‚¬5.00,,,,,,,,,,,
The Last Of Us Remastered,â‚¬39.99,â‚¬39.99,â‚¬0.00,,,,,,,,,,,
The Last of Us Part II,â‚¬69.99,â‚¬0.00,â‚¬69.99,,,,,,,,,,,
The Swapper,â‚¬14.99,â‚¬3.99,â‚¬11.00,PS3 & VITA,,,,,,,,,,
The Unfinished Swan,â‚¬12.99,â‚¬2.99,â‚¬10.00,PS3 & VITA,,,,,,,,,,
The Walking Dead Season 1 TTG,â‚¬14.99,â‚¬5.99,â‚¬9.00,VITA,,,,,,,,,,
The Walking Dead Season 2 TTG,â‚¬14.99,â‚¬14.99,â‚¬0.00,,,,,,,,,,,
The Walking Dead Season 3 TTG,â‚¬29.99,â‚¬29.99,â‚¬0.00,,,,,,,,,,,
The Walking Dead Final Season TTG,â‚¬23.99,â‚¬23.99,â‚¬0.00,,,,,,,,,,,
The Witcher 3: Wild Hunt,â‚¬74.98,â‚¬24.98,â‚¬50.00,PS5 TBC,,,,,,,,,,
The Witness,â‚¬36.99,â‚¬8.44,â‚¬28.55,,,,,,,,,,,
The Wolf Among Us TTG,â‚¬14.99,â‚¬14.99,â‚¬0.00,,,,,,,,,,,
This Is The Police,â‚¬19.99,â‚¬2.99,â‚¬17.00,,,,,,,,,,,
Thomas Was Alone,â‚¬7.99,â‚¬0.00,â‚¬7.99,PS3 & VITA,,,,,,,,,,
Titan Attacks!,â‚¬9.99,â‚¬9.99,â‚¬0.00,PS3 & VITA,,,,,,,,,,
ToeJam & Earl: Back In The Groove,â‚¬18.89,â‚¬18.89,â‚¬0.00,,,,,,,,,,,
Tony Hawk's Pro Skater 1 + 2 Remake (+1),â‚¬54.99,â‚¬38.49,â‚¬16.50,,,,,,,,,,,
Touhou Double Focus,â‚¬19.99,â‚¬4.99,â‚¬15.00,,,,,,,,,,,
Trials Fusion: The Awesome MAX Edition,â‚¬39.99,â‚¬9.99,â‚¬30.00,,,,,,,,,,,
Trine Enchanted Edition,â‚¬9.99,â‚¬2.99,â‚¬7.00,,,,,,,,,,,
Trine 2: Complete Story,â‚¬9.99,â‚¬2.99,â‚¬7.00,,,,,,,,,,,
Trine 3: The Artifacts Of Power,â‚¬9.99,â‚¬1.99,â‚¬8.00,,,,,,,,,,,
Tropico 5,â‚¬24.99,â‚¬9.99,â‚¬15.00,,,,,,,,,,,
Trover Saves The Universe,â‚¬29.99,â‚¬0.00,â‚¬29.99,VR ðŸ’Ž ,,,,,,,,,,
Twin Robots: Ultimate Edition,â‚¬7.99,â‚¬5.99,â‚¬2.00,,,,,,,,,,,
Twisted Metal: Black,â‚¬9.99,â‚¬4.99,â‚¬5.00,,,,,,,,,,,
Two Point Hospital,â‚¬56.98,â‚¬37.58,â‚¬19.40,,,,,,,,,,,
Typoman,â‚¬9.99,â‚¬6.99,â‚¬3.00,,,,,,,,,,,
Ultratron,â‚¬9.99,â‚¬9.99,â‚¬0.00,PS3 & VITA,,,,,,,,,,
Uncanny Valley,â‚¬14.49,â‚¬3.62,â‚¬10.87,,,,,,,,,,,
Uncharted 3: Drake's Deception,â‚¬22.16,â‚¬15.16,â‚¬7.00,,,,,,,,,,,
Uncharted 2: Among Thieves,â‚¬22.15,â‚¬15.15,â‚¬7.00,,,,,,,,,,,
Uncharted 4: A Thief's End,â‚¬69.99,â‚¬22.99,â‚¬47.00,,,,,,,,,,,
Uncharted: Drake's Fortune,â‚¬22.15,â‚¬15.15,â‚¬7.00,,,,,,,,,,,
Uncharted: The Lost Legacy,â‚¬19.99,â‚¬17.99,â‚¬2.00,,,,,,,,,,,
Undertale,â‚¬14.99,â‚¬8.99,â‚¬6.00,VITA,,,,,,,,,,
Unravel,â‚¬19.99,â‚¬7.99,â‚¬12.00,,,,,,,,,,,
Until Dawn,â‚¬34.99,â‚¬34.99,â‚¬0.00,,,,,,,,,,,
Untitled Goose Game,â‚¬19.99,â‚¬14.99,â‚¬5.00,,,,,,,,,,,
Velocity 2X,â‚¬15.99,â‚¬6.40,â‚¬9.59,VITA,,,,,,,,,,
Viking Squad,â‚¬14.99,â‚¬5.99,â‚¬9.00,,,,,,,,,,,
Virtua Fighter 5: Ultimate Showdown,â‚¬29.99,â‚¬0.00,â‚¬29.99,,,,,,,,,,,
Volume,â‚¬17.99,â‚¬4.99,â‚¬13.00,VITA & VR ðŸ’Ž,,,,,,,,,,
Warframe,â‚¬0.00,â‚¬0.00,â‚¬0.00,,,,,,,,,,,
Watch_Dogs,â‚¬19.99,â‚¬7.99,â‚¬12.00,,,,,,,,,,,
Watch_Dogs 2,â‚¬69.99,â‚¬14.99,â‚¬55.00,,,,,,,,,,,
Watch Dogs: Legion,â‚¬69.99,â‚¬34.99,â‚¬35.00,,,,,,,,,,,
Wipeout Omega Collection (+1),â‚¬44.98,â‚¬9.99,â‚¬34.99,PS3 & VR ðŸ’Ž,,,,,,,,,,
Worms Battlegrounds,â‚¬17.49,â‚¬8.99,â‚¬8.50,,,,,,,,,,,
Worms Rumble,â‚¬14.99,â‚¬9.74,â‚¬5.25,,,,,,,,,,,
Worms WMD,â‚¬17.49,â‚¬8.99,â‚¬8.50,,,,,,,,,,,
WRC 6,â‚¬19.99,â‚¬12.99,â‚¬7.00,,,,,,,,,,,
Wreckfest,â‚¬29.99,â‚¬0.00,â‚¬29.99,,,,,,,,,,,
WWE 2K Battlegrounds,â‚¬39.99,â‚¬0.00,â‚¬39.99,,,,,,,,,,,
XCOM 2,â‚¬49.99,â‚¬12.49,â‚¬37.50,,,,,,,,,,,
Xenoraid,â‚¬9.99,â‚¬3.99,â‚¬6.00,VITA,,,,,,,,,,
Yakuza 0,â‚¬19.99,â‚¬8.99,â‚¬11.00,,,,,,,,,,,
Yakuza Kiwami,â‚¬19.99,â‚¬7.99,â‚¬12.00,,,,,,,,,,,
Yakuza Kiwami 2,â‚¬19.99,â‚¬6.99,â‚¬13.00,,,,,,,,,,,
Yakuza 3 Remastered,â‚¬13.33,â‚¬8.00,â‚¬5.33,,,,,,,,,,,
Yakuza 4 Remastered,â‚¬13.33,â‚¬8.00,â‚¬5.33,,,,,,,,,,,
Yakuza 5 Remastered,â‚¬13.33,â‚¬7.99,â‚¬5.34,,,,,,,,,,,
Yakuza 6: The Song of Life,â‚¬19.99,â‚¬8.99,â‚¬11.00,,,,,,,,,,,
Yakuza 7: Like a Dragon,â‚¬89.99,â‚¬53.99,â‚¬36.00,,,,,,,,,,,
Yomawari: Midnight Shadows,â‚¬29.99,â‚¬14.99,â‚¬15.00,,,,,,,,,,,
Yooka-Laylee,â‚¬39.99,â‚¬11.99,â‚¬28.00,,,,,,,,,,,
Yooka-Laylee and the Impossible Lair,â‚¬29.99,â‚¬0.00,â‚¬29.99,,,,,,,,,,,
Yu-Gi-Oh! Legacy of the Duelist,â‚¬35.94,â‚¬35.94,â‚¬0.00,PS3,,,,,,,,,,
Ã˜kami HD,â‚¬19.99,â‚¬13.99,â‚¬6.00,,,,,,,,,,,
Total,"â‚¬12,172.56","â‚¬6,075.67","â‚¬6,096.89",50.09%,485,TOTAL,,,,,,,,
,,,,,,,,,,,,,,
Accounting+ ðŸ’Ž,â‚¬11.99,â‚¬4.79,â‚¬7.20,,,,,,,,,,,
Apex Construct ðŸ’Ž,â‚¬19.99,â‚¬14.99,â‚¬5.00,,,,,,,,,,,
Arizona Sunshine ðŸ’Ž,â‚¬44.99,â‚¬11.24,â‚¬33.75,,,,,,,,,,,
ASTRO BOT Rescue Mission ðŸ’Ž,â‚¬39.99,â‚¬0.00,â‚¬39.99,,,,,,,,,,,
Carnival Games VR ðŸ’Ž,â‚¬19.99,â‚¬4.99,â‚¬15.00,,,,,,,,,,,
Catch & Release ðŸ’Ž,â‚¬19.99,â‚¬19.99,â‚¬0.00,,,,,,,,,,,
CoolpaintrVR ðŸ’Ž,â‚¬19.99,â‚¬6.99,â‚¬13.00,,,,,,,,,,,
Creed: Rise To Glory ðŸ’Ž,â‚¬24.99,â‚¬11.99,â‚¬13.00,,,,,,,,,,,
Discovery ðŸ’Ž,â‚¬11.99,â‚¬4.99,â‚¬7.00,,,,,,,,,,,
DOOM VFR ðŸ’Ž,â‚¬29.99,â‚¬0.00,â‚¬29.99,,,,,,,,,,,
Drunkn Bar Fight ðŸ’Ž,â‚¬17.99,â‚¬7.99,â‚¬10.00,,,,,,,,,,,
Floor Plan ðŸ’Ž,â‚¬5.99,â‚¬0.00,â‚¬5.99,,,,,,,,,,,
Fruit Ninja VR ðŸ’Ž,â‚¬16.99,â‚¬16.99,â‚¬0.00,,,,,,,,,,,
Gun Club VR ðŸ’Ž,â‚¬24.99,â‚¬12.49,â‚¬12.50,,,,,,,,,,,
Headmaster ðŸ’Ž,â‚¬28.98,â‚¬14.98,â‚¬14.00,,,,,,,,,,,
I Expect You To Die ðŸ’Ž,â‚¬24.99,â‚¬12.49,â‚¬12.50,,,,,,,,,,,
I Expect You to Die 2 ðŸ’Ž,â‚¬24.99,â‚¬0.00,â‚¬24.99,,,,,,,,,,,
Kingdom Hearts: VR Experience ðŸ’Ž,â‚¬0.00,â‚¬0.00,â‚¬0.00,,,,,,,,,,,
Knockout League ðŸ’Ž,â‚¬19.99,â‚¬14.99,â‚¬5.00,,,,,,,,,,,
Lethal VR ðŸ’Ž,â‚¬19.99,â‚¬7.99,â‚¬12.00,,,,,,,,,,,
Marvel's Iron Man VR ðŸ’Ž,â‚¬39.99,â‚¬0.00,â‚¬39.99,,,,,,,,,,,
Mervils: A VR Adventure ðŸ’Ž,â‚¬15.99,â‚¬4.99,â‚¬11.00,,,,,,,,,,,
Moss ðŸ’Ž,â‚¬29.99,â‚¬17.99,â‚¬12.00,,,,,,,,,,,
PlayStation VR Worlds ðŸ’Ž,â‚¬29.99,â‚¬0.00,â‚¬29.99,,,,,,,,,,,
Rick & Morty: Virtual Rick-ality ðŸ’Ž,â‚¬29.99,â‚¬29.99,â‚¬0.00,,,,,,,,,,,
Shooty Fruity ðŸ’Ž,â‚¬19.99,â‚¬11.99,â‚¬8.00,,,,,,,,,,,
Star Trek: Bridge Crew VR ðŸ’Ž,â‚¬24.99,â‚¬19.99,â‚¬5.00,,,,,,,,,,,
Tetris Effect: Connected ðŸ’Ž,â‚¬39.99,â‚¬39.99,â‚¬0.00,,,,,,,,,,,
The American Dream ðŸ’Ž,â‚¬19.99,â‚¬7.99,â‚¬12.00,,,,,,,,,,,
The Guy VR ðŸ’Ž,â‚¬9.99,â‚¬6.99,â‚¬3.00,,,,,,,,,,,
The Persistence ðŸ’Ž,â‚¬29.99,â‚¬0.00,â‚¬29.99,,,,,,,,,,,
The Playroom VR ðŸ’Ž,â‚¬0.00,â‚¬0.00,â‚¬0.00,,,,,,,,,,,
The Walking Dead: Saints and Sinners ðŸ’Ž,â‚¬39.99,â‚¬0.00,â‚¬39.99,,,,,,,,,,,
Tiny Trax ðŸ’Ž,â‚¬15.99,â‚¬15.99,â‚¬0.00,,,,,,,,,,,
Trackmania Turbo ðŸ’Ž,â‚¬29.99,â‚¬11.99,â‚¬18.00,,,,,,,,,,,
Traffic Jams ðŸ’Ž,â‚¬19.99,â‚¬12.99,â‚¬7.00,,,,,,,,,,,
Tumble VR ðŸ’Ž,â‚¬9.99,â‚¬3.99,â‚¬6.00,,,,,,,,,,,
Until Dawn: Rush Of Blood VR ðŸ’Ž,â‚¬19.99,â‚¬9.99,â‚¬10.00,,,,,,,,,,,
Until You Fall ðŸ’Ž,â‚¬24.99,â‚¬0.00,â‚¬24.99,,,,,,,,,,,
VR Karts ðŸ’Ž,â‚¬24.99,â‚¬9.99,â‚¬15.00,,,,,,,,,,,
You Are Being Followed ðŸ’Ž,â‚¬0.00,â‚¬0.00,â‚¬0.00,,,,,,,,,,,
Animal Force ðŸ’Ž,â‚¬14.99,â‚¬4.99,â‚¬10.00,,,,,,,,,,,
Apocalypse Rider ðŸ’Ž,â‚¬5.99,â‚¬5.99,â‚¬0.00,,,,,,,,,,,
Batman: Arkham VR ðŸ’Ž,â‚¬19.99,â‚¬9.99,â‚¬10.00,,,,,,,,,,,
Beat Saber ðŸ’Ž,â‚¬29.99,â‚¬29.99,â‚¬0.00,,,,,,,,,,,
BoxVR ðŸ’Ž,â‚¬29.99,â‚¬17.99,â‚¬12.00,,,,,,,,,,,
Dream Match Tennis VR ðŸ’Ž,â‚¬14.99,â‚¬14.99,â‚¬0.00,,,,,,,,,,,
DriveClub VR ðŸ’Ž,â‚¬19.99,â‚¬19.99,â‚¬0.00,,,,,,,,,,,
Eagle Flight ðŸ’Ž,â‚¬39.99,â‚¬12.99,â‚¬27.00,,,,,,,,,,,
EVE: Valkyrie ðŸ’Ž,â‚¬29.99,â‚¬10.99,â‚¬19.00,,,,,,,,,,,
Everest VR ðŸ’Ž,â‚¬9.99,â‚¬3.99,â‚¬6.00,,,,,,,,,,,
Everybodyâ€™s Golf VR ðŸ’Ž,â‚¬29.99,â‚¬14.99,â‚¬15.00,,,,,,,,,,,
Groundhog Day: Like Father Like Son ðŸ’Ž,â‚¬19.99,â‚¬19.99,â‚¬0.00,,,,,,,,,,,
Homestar VR ðŸ’Ž,â‚¬16.99,â‚¬7.99,â‚¬9.00,,,,,,,,,,,
Hotel R'n'R ðŸ’Ž,â‚¬18.99,â‚¬11.39,â‚¬7.60,,,,,,,,,,,
Hustle Kings VR ðŸ’Ž,â‚¬19.99,â‚¬9.99,â‚¬10.00,,,,,,,,,,,
Job Simulator VR ðŸ’Ž,â‚¬19.99,â‚¬19.99,â‚¬0.00,,,,,,,,,,,
Kona VR ðŸ’Ž,â‚¬19.99,â‚¬3.99,â‚¬16.00,,,,,,,,,,,
Penn & Teller VR: F U U U & U ðŸ’Ž,â‚¬19.99,â‚¬19.99,â‚¬0.00,,,,,,,,,,,
Perfect VR ðŸ’Ž,â‚¬9.99,â‚¬3.99,â‚¬6.00,,,,,,,,,,,
Psychonauts In The Rhombus Of Ruin VR ðŸ’Ž,â‚¬18.99,â‚¬6.49,â‚¬12.50,,,,,,,,,,,
Rez Infinite VR ðŸ’Ž,â‚¬29.99,â‚¬14.99,â‚¬15.00,,,,,,,,,,,
RIGS: Mechanized Combat League VR ðŸ’Ž,â‚¬19.99,â‚¬9.99,â‚¬10.00,,,,,,,,,,,
Skyrim VR ðŸ’Ž,â‚¬69.99,â‚¬0.00,â‚¬69.99,,,,,,,,,,,
Space Pirate Trainer VR ðŸ’Ž,â‚¬14.49,â‚¬11.59,â‚¬2.90,,,,,,,,,,,
Sprint Vector ðŸ’Ž,â‚¬24.99,â‚¬7.99,â‚¬17.00,,,,,,,,,,,
Superhot VR ðŸ’Ž,â‚¬24.99,â‚¬14.99,â‚¬10.00,,,,,,,,,,,
Track Lab ðŸ’Ž,â‚¬19.99,â‚¬8.99,â‚¬11.00,,,,,,,,,,,
Ultrawings ðŸ’Ž,â‚¬21.99,â‚¬6.99,â‚¬15.00,,,,,,,,,,,
VR Ping Pong ðŸ’Ž,â‚¬14.99,â‚¬2.99,â‚¬12.00,,,,,,,,,,,
VR The Diner Duo ðŸ’Ž,â‚¬14.99,â‚¬5.99,â‚¬9.00,,,,,,,,,,,
Total,"â‚¬1,572.81",â‚¬707.96,â‚¬864.85,54.99%,71,TOTAL,,,,,,,,
,,,,,,,,,,,,,,
Alice: Madness Returns (+1),â‚¬19.99,â‚¬19.99,â‚¬0.00,,,,,,,,,,,
Angry Birds Trilogy (+2),â‚¬29.99,â‚¬29.99,â‚¬0.00,,,,,,,,,,,
Army of Two,â‚¬2.00,â‚¬2.00,â‚¬0.00,,,,,,,,,,,
Bang Bang Racing,â‚¬9.99,â‚¬9.99,â‚¬0.00,,,,,,,,,,,
Battlefield 3,â‚¬19.99,â‚¬0.00,â‚¬19.99,,,,,,,,,,,
Bayonetta,â‚¬14.99,â‚¬4.00,â‚¬10.99,,,,,,,,,,,
Beat Hazard Ultra,â‚¬6.99,â‚¬6.99,â‚¬0.00,,,,,,,,,,,
Bentley's Hackpack,â‚¬1.99,â‚¬1.99,â‚¬0.00,,,,,,,,,,,
Beyond Good and Evil HD,â‚¬9.99,â‚¬9.99,â‚¬0.00,,,,,,,,,,,
Blur,â‚¬18.00,â‚¬18.00,â‚¬0.00,,,,,,,,,,,
Brink,â‚¬0.50,â‚¬0.50,â‚¬0.00,,,,,,,,,,,
Buzz! Quiz World,â‚¬42.00,â‚¬42.00,â‚¬0.00,,,,,,,,,,,
Call of Duty: Modern Warfare 2,â‚¬29.99,â‚¬4.00,â‚¬25.99,,,,,,,,,,,
Crazy Machines Elements,â‚¬4.99,â‚¬4.99,â‚¬0.00,,,,,,,,,,,
Daytona USA,â‚¬7.99,â‚¬7.99,â‚¬0.00,,,,,,,,,,,
Dead Rising 2,â‚¬14.99,â‚¬3.50,â‚¬11.49,,,,,,,,,,,
Dead Space,â‚¬12.99,â‚¬4.00,â‚¬8.99,,,,,,,,,,,
Deus Ex: Human Revolution,â‚¬12.99,â‚¬6.00,â‚¬6.99,,,,,,,,,,,
Dishonored,â‚¬9.99,â‚¬3.00,â‚¬6.99,,,,,,,,,,,
DJ Hero,â‚¬2.50,â‚¬2.50,â‚¬0.00,,,,,,,,,,,
DJ Hero 2,â‚¬2.50,â‚¬2.50,â‚¬0.00,,,,,,,,,,,
Duke Nukem Forever,â‚¬12.99,â‚¬3.50,â‚¬9.49,,,,,,,,,,,
Earthworm Jim HD,â‚¬9.99,â‚¬9.99,â‚¬0.00,,,,,,,,,,,
Family Guy: Back to the Multiverse,â‚¬8.00,â‚¬8.00,â‚¬0.00,,,,,,,,,,,
Far Cry Classic,â‚¬9.99,â‚¬9.99,â‚¬0.00,,,,,,,,,,,
Far Cry 2,â‚¬9.99,â‚¬2.00,â‚¬7.99,,,,,,,,,,,
Fat Princess,â‚¬9.99,â‚¬9.99,â‚¬0.00,,,,,,,,,,,
F.E.A.R,â‚¬12.00,â‚¬12.00,â‚¬0.00,,,,,,,,,,,
FIFA Street,â‚¬4.00,â‚¬4.00,â‚¬0.00,,,,,,,,,,,
Fight Night Champion,â‚¬19.99,â‚¬15.00,â‚¬4.99,,,,,,,,,,,
Final Exam ,â‚¬9.99,â‚¬9.99,â‚¬0.00,,,,,,,,,,,
Final Fantasy XIII,â‚¬4.00,â‚¬4.00,â‚¬0.00,,,,,,,,,,,
F1 Race Stars,â‚¬9.99,â‚¬9.99,â‚¬0.00,,,,,,,,,,,
Girl Fight,â‚¬0.00,â‚¬0.00,â‚¬0.00,,,,,,,,,,,
God of War,â‚¬12.99,â‚¬4.99,â‚¬8.00,VITA,,,,,,,,,,
God of War II,â‚¬12.00,â‚¬3.00,â‚¬9.00,VITA,,,,,,,,,,
Gran Turismo 5,â‚¬5.00,â‚¬5.00,â‚¬0.00,,,,,,,,,,,
Grand Theft Auto IV: The Complete Collection,â‚¬49.97,â‚¬22.00,â‚¬27.97,,,,,,,,,,,
Hitman: Absolution,â‚¬14.99,â‚¬5.00,â‚¬9.99,,,,,,,,,,,
ICO Classics HD,â‚¬10.00,â‚¬10.00,â‚¬0.00,,,,,,,,,,,
inFamous,â‚¬8.99,â‚¬8.99,â‚¬0.00,,,,,,,,,,,
inFamous 2,â‚¬8.00,â‚¬8.00,â‚¬0.00,,,,,,,,,,,
inFamous: Festival of Blood,â‚¬8.00,â‚¬8.00,â‚¬0.00,,,,,,,,,,,
Jet Car Stunts,â‚¬6.99,â‚¬6.99,â‚¬0.00,VITA,,,,,,,,,,
Joe Danger 2: The Movie,â‚¬12.99,â‚¬12.99,â‚¬0.00,,,,,,,,,,,
Kane and Lynch: Dead Men,â‚¬9.99,â‚¬2.00,â‚¬7.99,,,,,,,,,,,
Kane and Lynch 2: Dog Days,â‚¬9.99,â‚¬2.00,â‚¬7.99,,,,,,,,,,,
Killer is Dead,â‚¬19.99,â‚¬18.00,â‚¬1.99,,,,,,,,,,,
Killzone,â‚¬12.99,â‚¬12.99,â‚¬0.00,,,,,,,,,,,
LA Noire,â‚¬29.99,â‚¬29.99,â‚¬0.00,,,,,,,,,,,
Lemmings,â‚¬12.98,â‚¬12.98,â‚¬0.00,,,,,,,,,,,
LittleBigPlanet,â‚¬10.50,â‚¬10.50,â‚¬0.00,VITA,,,,,,,,,,
LittleBigPlanet 2,â‚¬29.98,â‚¬19.49,â‚¬10.49,,,,,,,,,,,
LittleBigPlanet Karting,â‚¬14.99,â‚¬14.99,â‚¬0.00,,,,,,,,,,,
Lollipop Chainsaw,â‚¬12.00,â‚¬12.00,â‚¬0.00,,,,,,,,,,,
Lone Survivor: The Director's Cut,â‚¬9.99,â‚¬9.99,â‚¬0.00,VITA,,,,,,,,,,
Mafia II,â‚¬29.99,â‚¬10.00,â‚¬19.99,,,,,,,,,,,
Malicious,â‚¬7.99,â‚¬7.99,â‚¬0.00,,,,,,,,,,,
Mass Effect 3,â‚¬19.99,â‚¬19.99,â‚¬0.00,,,,,,,,,,,
Mensa Academy ,â‚¬9.99,â‚¬9.99,â‚¬0.00,,,,,,,,,,,
Metal Gear Solid 2: Sons of Liberty,â‚¬23.99,â‚¬23.99,â‚¬0.00,VITA,,,,,,,,,,
Metal Gear Solid 3: Snake Eater,â‚¬22.99,â‚¬22.99,â‚¬0.00,VITA,,,,,,,,,,
Metal Gear Solid: Peace Walker,â‚¬8.00,â‚¬8.00,â‚¬0.00,,,,,,,,,,,
Metal Gear Solid 4: Guns of the Patriots ,â‚¬14.99,â‚¬14.99,â‚¬0.00,,,,,,,,,,,
Modnation Racers,â‚¬6.00,â‚¬6.00,â‚¬0.00,,,,,,,,,,,
Mortal Kombat,â‚¬19.99,â‚¬19.99,â‚¬0.00,,,,,,,,,,,
Mortal Kombat Arcade Kollection (+2),â‚¬9.99,â‚¬9.99,â‚¬0.00,,,,,,,,,,,
Motorstorm Apocalypse,â‚¬14.99,â‚¬14.99,â‚¬0.00,,,,,,,,,,,
Motorstorm: Pacific Rift,â‚¬5.00,â‚¬5.00,â‚¬0.00,,,,,,,,,,,
Motorstorm RC,â‚¬8.99,â‚¬3.99,â‚¬5.00,VITA,,,,,,,,,,
Naughty Bear,â‚¬5.00,â‚¬5.00,â‚¬0.00,,,,,,,,,,,
Need for Speed: Most Wanted,â‚¬14.99,â‚¬14.99,â‚¬0.00,,,,,,,,,,,
Need for Speed: Shift,â‚¬4.00,â‚¬4.00,â‚¬0.00,,,,,,,,,,,
Need for Speed: The Run,â‚¬19.99,â‚¬4.00,â‚¬15.99,,,,,,,,,,,
Oddworld: Munch's Oddysee,â‚¬8.99,â‚¬8.99,â‚¬0.00,VITA,,,,,,,,,,
Oddworld: Stranger's Wrath,â‚¬12.99,â‚¬12.99,â‚¬0.00,VITA,,,,,,,,,,
PAYDAY: The Heist,â‚¬12.99,â‚¬12.99,â‚¬0.00,,,,,,,,,,,
Playstation All Stars Battle Royale,â‚¬14.99,â‚¬14.99,â‚¬0.00,VITA,,,,,,,,,,
PlayStation Move Heroes,â‚¬12.49,â‚¬7.50,â‚¬4.99,,,,,,,,,,,
Prince of Persia: The Sands of Time,â‚¬5.00,â‚¬5.00,â‚¬0.00,,,,,,,,,,,
Prince of Persia: Warrior Within,â‚¬5.00,â‚¬5.00,â‚¬0.00,,,,,,,,,,,
Prince of Persia: The Two Thrones ,â‚¬4.99,â‚¬4.99,â‚¬0.00,,,,,,,,,,,
Pro Evolution Soccer 2010,â‚¬0.50,â‚¬0.50,â‚¬0.00,,,,,,,,,,,
Quantum Conundrum,â‚¬10.99,â‚¬10.99,â‚¬0.00,,,,,,,,,,,
Ratchet & Clank,â‚¬8.99,â‚¬3.99,â‚¬5.00,VITA,,,,,,,,,,
Ratchet & Clank 2,â‚¬8.00,â‚¬3.00,â‚¬5.00,VITA,,,,,,,,,,
Ratchet & Clank 3,â‚¬8.00,â‚¬3.00,â‚¬5.00,VITA,,,,,,,,,,
Ratchet & Clank: Tools of Destruction,â‚¬14.99,â‚¬10.00,â‚¬4.99,,,,,,,,,,,
Ratchet & Clank: A Crack in Time,â‚¬14.99,â‚¬10.00,â‚¬4.99,,,,,,,,,,,
Ratchet & Clank: QForce,â‚¬14.99,â‚¬4.99,â‚¬10.00,VITA,,,,,,,,,,
Ratchet: Gladiator,â‚¬14.99,â‚¬14.99,â‚¬0.00,,,,,,,,,,,
Rayman 3 HD,â‚¬9.99,â‚¬9.99,â‚¬0.00,,,,,,,,,,,
Rayman Origins,â‚¬29.98,â‚¬26.99,â‚¬2.99,VITA,,,,,,,,,,
Red Dead Redemption,â‚¬44.98,â‚¬18.00,â‚¬26.98,,,,,,,,,,,
Resistance,â‚¬2.00,â‚¬2.00,â‚¬0.00,VITA,,,,,,,,,,
Shadow of the Colossus Classics HD,â‚¬9.99,â‚¬9.99,â‚¬0.00,,,,,,,,,,,
Silent Hill HD Collection (+1),â‚¬22.00,â‚¬22.00,â‚¬0.00,,,,,,,,,,,
Siren Blood Curse,â‚¬12.99,â‚¬12.99,â‚¬0.00,,,,,,,,,,,
Skate 2,â‚¬12.00,â‚¬12.00,â‚¬0.00,,,,,,,,,,,
Sly Cooper and the Thievius Raccoonus,â‚¬8.99,â‚¬1.99,â‚¬7.00,VITA,,,,,,,,,,
Sly 2: Band of Thieves,â‚¬8.00,â‚¬3.00,â‚¬5.00,VITA,,,,,,,,,,
Sly 3: Honour Among Thieves,â‚¬8.00,â‚¬3.00,â‚¬5.00,VITA,,,,,,,,,,
Sonic CD,â‚¬0.00,â‚¬0.00,â‚¬0.00,,,,,,,,,,,
Sonic Generations,â‚¬14.99,â‚¬14.99,â‚¬0.00,,,,,,,,,,,
Spec Ops: The Line,â‚¬19.99,â‚¬19.99,â‚¬0.00,,,,,,,,,,,
Streets of Rage 2,â‚¬4.49,â‚¬4.49,â‚¬0.00,,,,,,,,,,,
Superfrog HD,â‚¬9.99,â‚¬9.99,â‚¬0.00,VITA,,,,,,,,,,
Super Rub 'a' Dub,â‚¬4.99,â‚¬4.99,â‚¬0.00,,,,,,,,,,,
Syndicate,â‚¬1.00,â‚¬1.00,â‚¬0.00,,,,,,,,,,,
Tales of Grace f,â‚¬15.00,â‚¬15.00,â‚¬0.00,,,,,,,,,,,
Tales of Xillia,â‚¬14.99,â‚¬14.99,â‚¬0.00,,,,,,,,,,,
Tekken Revolution,â‚¬0.00,â‚¬0.00,â‚¬0.00,,,,,,,,,,,
Tekken 5: Dark Resurrection,â‚¬19.99,â‚¬19.99,â‚¬0.00,,,,,,,,,,,
The Amazing Spider-Man,â‚¬15.00,â‚¬15.00,â‚¬0.00,,,,,,,,,,,
The Baconing,â‚¬12.99,â‚¬12.99,â‚¬0.00,,,,,,,,,,,
The Cave,â‚¬0.00,â‚¬0.00,â‚¬0.00,,,,,,,,,,,
The Cube,â‚¬9.99,â‚¬9.99,â‚¬0.00,,,,,,,,,,,
The Darkness,â‚¬3.00,â‚¬3.00,â‚¬0.00,,,,,,,,,,,
The Darkness 2,â‚¬2.50,â‚¬2.50,â‚¬0.00,,,,,,,,,,,
The House of the Dead: Overkill,â‚¬5.00,â‚¬5.00,â‚¬0.00,,,,,,,,,,,
The Secret of Monkey Island: Special Edition,â‚¬4.99,â‚¬4.99,â‚¬0.00,,,,,,,,,,,
The Simpsons Arcade Game,â‚¬9.99,â‚¬9.99,â‚¬0.00,,,,,,,,,,,
The Simpsons Game,â‚¬28.00,â‚¬28.00,â‚¬0.00,,,,,,,,,,,
The Sims 3,â‚¬18.00,â‚¬18.00,â‚¬0.00,,,,,,,,,,,
The Sims 3: Pets,â‚¬18.00,â‚¬18.00,â‚¬0.00,,,,,,,,,,,
Tiger Woods PGA Tour 11,â‚¬1.00,â‚¬1.00,â‚¬0.00,,,,,,,,,,,
ToeJam and Earl,â‚¬2.75,â‚¬2.75,â‚¬0.00,,,,,,,,,,,
ToeJam and Earl: Panic on Funkotron,â‚¬2.74,â‚¬2.74,â‚¬0.00,,,,,,,,,,,
Tokyo Jungle,â‚¬12.99,â‚¬12.99,â‚¬0.00,,,,,,,,,,,
Tony Hawk's Pro Skater HD,â‚¬9.99,â‚¬9.99,â‚¬0.00,,,,,,,,,,,
Twisted Metal,â‚¬12.99,â‚¬5.00,â‚¬7.99,,,,,,,,,,,
UFC 2009 Undisputed,â‚¬2.00,â‚¬2.00,â‚¬0.00,,,,,,,,,,,
Velocity Ultra,â‚¬7.99,â‚¬7.99,â‚¬0.00,VITA,,,,,,,,,,
When Vikings Attack,â‚¬4.99,â‚¬4.99,â‚¬0.00,,,,,,,,,,,
XCOM Enemy Unknown,â‚¬39.98,â‚¬25.98,â‚¬14.00,VITA,,,,,,,,,,
Zombie Tycoon II: Brainhov's Revenge,â‚¬6.19,â‚¬6.19,â‚¬0.00,VITA,,,,,,,,,,
Ratchet & Clank: Nexus,â‚¬14.99,â‚¬14.99,â‚¬0.00,,,,,,,,,,,
Ratchet & Clank: Quest for Booty,â‚¬9.99,â‚¬9.99,â‚¬0.00,,,,,,,,,,,
Total,"â‚¬1,660.74","â‚¬1,313.51",â‚¬347.23,20.91%,143,TOTAL,,,,,,,,
,,,,,,,,,,,,,,
Deus Ex,â‚¬9.99,â‚¬9.99,â‚¬0.00,,,,,,,,,,,
Sonic Heroes,â‚¬9.99,â‚¬9.99,â‚¬0.00,,,,,,,,,,,
Stuntman: Ignition,â‚¬9.99,â‚¬9.99,â‚¬0.00,,,,,,,,,,,
The Sims,â‚¬14.99,â‚¬14.99,â‚¬0.00,,,,,,,,,,,
The Sims 2,â‚¬14.99,â‚¬14.99,â‚¬0.00,,,,,,,,,,,
Total,â‚¬59.95,â‚¬59.95,â‚¬0.00,0%,5,TOTAL,,,,,,,,
,,,,,,,,,,,,,,
A Bug's Life,â‚¬1.49,â‚¬1.49,â‚¬0.00,,,,,,,,,,,
Bishi Bashi Special,â‚¬4.99,â‚¬4.99,â‚¬0.00,,,,,,,,,,,
Buzz Lightyear of Star Command,â‚¬1.99,â‚¬1.99,â‚¬0.00,,,,,,,,,,,
Cho Aniki,â‚¬4.99,â‚¬4.99,â‚¬0.00,,,,,,,,,,,
Colin McRae Rally,â‚¬9.99,â‚¬9.99,â‚¬0.00,,,,,,,,,,,
Crash Bandicoot,â‚¬4.99,â‚¬4.99,â‚¬0.00,,,,,,,,,,,
Crash Bandicoot 2,â‚¬4.99,â‚¬4.99,â‚¬0.00,,,,,,,,,,,
Crash Bandicoot 3,â‚¬4.99,â‚¬4.99,â‚¬0.00,,,,,,,,,,,
Crash Team Racing,â‚¬4.99,â‚¬4.99,â‚¬0.00,,,,,,,,,,,
Crash Bash,â‚¬9.99,â‚¬9.99,â‚¬0.00,,,,,,,,,,,
Destruction Derby,â‚¬4.99,â‚¬2.99,â‚¬2.00,,,,,,,,,,,
Driver,â‚¬2.49,â‚¬2.49,â‚¬0.00,,,,,,,,,,,
Fear Effect,â‚¬6.99,â‚¬6.99,â‚¬0.00,,,,,,,,,,,
Fear Effect 2: Retro Helix,â‚¬6.99,â‚¬6.99,â‚¬0.00,,,,,,,,,,,
Final Fantasy V,â‚¬9.99,â‚¬4.99,â‚¬5.00,,,,,,,,,,,
Final Fantasy VI,â‚¬9.99,â‚¬4.99,â‚¬5.00,,,,,,,,,,,
Final Fantasy VII,â‚¬9.99,â‚¬4.99,â‚¬5.00,,,,,,,,,,,
Final Fantasy VIII,â‚¬9.99,â‚¬4.99,â‚¬5.00,,,,,,,,,,,
Final Fantasy IX,â‚¬9.99,â‚¬4.99,â‚¬5.00,,,,,,,,,,,
Gex,â‚¬4.99,â‚¬2.50,â‚¬2.49,,,,,,,,,,,
Gex 3D: Enter the Gecko,â‚¬5.99,â‚¬3.00,â‚¬2.99,,,,,,,,,,,
Gex: Deep Cover Gecko,â‚¬5.99,â‚¬3.00,â‚¬2.99,,,,,,,,,,,
Hercules,â‚¬1.99,â‚¬1.99,â‚¬0.00,,,,,,,,,,,
Hogs of War,â‚¬9.99,â‚¬9.99,â‚¬0.00,,,,,,,,,,,
Jumping Flash,â‚¬4.99,â‚¬4.99,â‚¬0.00,,,,,,,,,,,
Klonoa: Door to Phantomile,â‚¬4.99,â‚¬2.50,â‚¬2.49,,,,,,,,,,,
Kula World,â‚¬4.99,â‚¬4.99,â‚¬0.00,,,,,,,,,,,
Medievil,â‚¬4.99,â‚¬4.99,â‚¬0.00,,,,,,,,,,,
Metal Gear Solid,â‚¬9.99,â‚¬4.99,â‚¬5.00,,,,,,,,,,,
Monsters Inc Scare Island,â‚¬1.49,â‚¬1.49,â‚¬0.00,,,,,,,,,,,
Motor Toon Grand Prix 2,â‚¬4.99,â‚¬2.49,â‚¬2.50,,,,,,,,,,,
Oddworld: Abe's Exoddus,â‚¬4.99,â‚¬4.99,â‚¬0.00,,,,,,,,,,,
Oddworld: Abe's Oddysee,â‚¬4.99,â‚¬4.99,â‚¬0.00,,,,,,,,,,,
PONG,â‚¬4.99,â‚¬4.99,â‚¬0.00,,,,,,,,,,,
Rally Cross,â‚¬4.99,â‚¬1.99,â‚¬3.00,,,,,,,,,,,
Rayman,â‚¬4.99,â‚¬4.99,â‚¬0.00,,,,,,,,,,,
Rayman 2,â‚¬4.99,â‚¬4.99,â‚¬0.00,,,,,,,,,,,
Resident Evil: Director's Cut,â‚¬9.99,â‚¬3.99,â‚¬6.00,,,,,,,,,,,
Resident Evil 2,â‚¬9.99,â‚¬3.99,â‚¬6.00,,,,,,,,,,,
Resident Evil 3: Nemesis,â‚¬9.99,â‚¬3.99,â‚¬6.00,,,,,,,,,,,
Sheep Dog n Wolf,â‚¬9.99,â‚¬9.99,â‚¬0.00,,,,,,,,,,,
Silent Hill,â‚¬6.99,â‚¬2.99,â‚¬4.00,,,,,,,,,,,
Spyro the Dragon,â‚¬3.99,â‚¬3.99,â‚¬0.00,,,,,,,,,,,
Spyro 2: Gateway to Glimmer,â‚¬3.00,â‚¬3.00,â‚¬0.00,,,,,,,,,,,
Spyro 3: Year of the Dragon,â‚¬3.00,â‚¬3.00,â‚¬0.00,,,,,,,,,,,
Suikoden,â‚¬4.99,â‚¬4.99,â‚¬0.00,,,,,,,,,,,
Suikoden II,â‚¬4.99,â‚¬4.99,â‚¬0.00,,,,,,,,,,,
Syphon Filter,â‚¬4.99,â‚¬2.49,â‚¬2.50,,,,,,,,,,,
Tekken,â‚¬4.99,â‚¬4.99,â‚¬0.00,,,,,,,,,,,
Tekken 2,â‚¬4.99,â‚¬4.99,â‚¬0.00,,,,,,,,,,,
Theme Hospital,â‚¬4.99,â‚¬4.99,â‚¬0.00,,,,,,,,,,,
Tomb Raider,â‚¬5.99,â‚¬1.99,â‚¬4.00,,,,,,,,,,,
Tomb Raider II,â‚¬5.99,â‚¬1.99,â‚¬4.00,,,,,,,,,,,
Tomb Raider III,â‚¬5.99,â‚¬1.99,â‚¬4.00,,,,,,,,,,,
Tomb Raider: The Last Revelation,â‚¬5.99,â‚¬1.99,â‚¬4.00,,,,,,,,,,,
Tomb Raider: Chronicles,â‚¬5.99,â‚¬1.99,â‚¬4.00,,,,,,,,,,,
Tomba,â‚¬7.99,â‚¬4.99,â‚¬3.00,,,,,,,,,,,
Tomba 2!: The Evil Swine Return,â‚¬7.99,â‚¬7.99,â‚¬0.00,,,,,,,,,,,
Toy Story 2,â‚¬1.99,â‚¬1.99,â‚¬0.00,,,,,,,,,,,
Toy Story Racer,â‚¬1.99,â‚¬1.99,â‚¬0.00,,,,,,,,,,,
Twisted Metal,â‚¬4.99,â‚¬1.99,â‚¬3.00,,,,,,,,,,,
UmJammer Lammy,â‚¬4.99,â‚¬4.99,â‚¬0.00,,,,,,,,,,,
Vib-Ribbon,â‚¬4.99,â‚¬1.99,â‚¬3.00,,,,,,,,,,,
Wipeout,â‚¬9.99,â‚¬1.99,â‚¬8.00,,,,,,,,,,,
WWF! Smackdown 2: Know Your Role,â‚¬9.99,â‚¬9.99,â‚¬0.00,,,,,,,,,,,
Total,â‚¬391.87,â‚¬281.91,â‚¬109.96,28.06%,65,TOTAL,,,,,,,,
,,,,,,,,,,,,,,
Table Top Racing,â‚¬2.99,â‚¬2.99,â‚¬0.00,,,,,,,,,,,
Wanderjahr,â‚¬9.99,â‚¬9.99,â‚¬0.00,,,,,,,,,,,
Zero Escape: Virtue's Last Reward,â‚¬19.99,â‚¬19.99,â‚¬0.00,,,,,,,,,,,
Crazy Market,â‚¬0.00,â‚¬0.00,â‚¬0.00,,,,,,,,,,,
Deathmatch Village,â‚¬0.00,â‚¬0.00,â‚¬0.00,,,,,,,,,,,
Flame Over,â‚¬9.99,â‚¬9.99,â‚¬0.00,,,,,,,,,,,
Get Off My Lawn!,â‚¬0.00,â‚¬0.00,â‚¬0.00,,,,,,,,,,,
Fat Princess: Piece of Cake,â‚¬0.00,â‚¬0.00,â‚¬0.00,,,,,,,,,,,
Football Manager Classic 2014,â‚¬39.99,â‚¬39.99,â‚¬0.00,,,,,,,,,,,
Gunslugs,â‚¬2.49,â‚¬2.49,â‚¬0.00,,,,,,,,,,,
Jet Set Radio,â‚¬7.99,â‚¬7.99,â‚¬0.00,,,,,,,,,,,
LEGO Batman 2: DC Super Heroes,â‚¬19.99,â‚¬0.00,â‚¬19.99,,,,,,,,,,,
ModNation Racers: Road Trip,â‚¬14.99,â‚¬14.99,â‚¬0.00,,,,,,,,,,,
No Heroes Allowed: No Puzzles Either!,â‚¬0.00,â‚¬0.00,â‚¬0.00,,,,,,,,,,,
Paint Park,â‚¬0.00,â‚¬0.00,â‚¬0.00,,,,,,,,,,,
Paint Park Plus,â‚¬0.00,â‚¬0.00,â‚¬0.00,,,,,,,,,,,
PlayStation Vita Pets,â‚¬24.99,â‚¬9.99,â‚¬15.00,,,,,,,,,,,
Quell Memento,â‚¬3.59,â‚¬3.59,â‚¬0.00,,,,,,,,,,,
Rocketbirds: Hardboiled Chicken,â‚¬7.99,â‚¬7.99,â‚¬0.00,,,,,,,,,,,
Silent Hill: Book of Memories,â‚¬14.99,â‚¬6.99,â‚¬8.00,,,,,,,,,,,
Skeleton Rider,â‚¬3.99,â‚¬3.99,â‚¬0.00,,,,,,,,,,,
Sly Cooper: Thieves in Time,â‚¬14.99,â‚¬4.99,â‚¬10.00,,,,,,,,,,,
Spy Hunter,â‚¬19.99,â‚¬19.99,â‚¬0.00,,,,,,,,,,,
Street Fighter X Tekken,â‚¬24.99,â‚¬4.99,â‚¬20.00,,,,,,,,,,,
SunFlowers,â‚¬2.99,â‚¬2.99,â‚¬0.00,,,,,,,,,,,
Surge Deluxe,â‚¬4.99,â‚¬4.99,â‚¬0.00,,,,,,,,,,,
Table Football,â‚¬0.00,â‚¬0.00,â‚¬0.00,,,,,,,,,,,
TxK,â‚¬6.99,â‚¬6.99,â‚¬0.00,,,,,,,,,,,
Uncharted: Golden Abyss,â‚¬24.99,â‚¬6.99,â‚¬18.00,,,,,,,,,,,
Uncharted: Fight for Fortune,â‚¬4.99,â‚¬4.99,â‚¬0.00,,,,,,,,,,,
Worms Revolution Extreme,â‚¬14.99,â‚¬0.00,â‚¬14.99,,,,,,,,,,,
Yomawari: Night Alone,â‚¬19.99,â‚¬9.99,â‚¬10.00,,,,,,,,,,,
Total,â‚¬323.86,â‚¬207.88,â‚¬115.98,35.81%,32,TOTAL,,,,,,,,
,,,,,,,,,,,,,,
Ape Escape,â‚¬7.99,â‚¬7.99,â‚¬0.00,,,,,,,,,,,
Burnout Legends,â‚¬9.99,â‚¬9.99,â‚¬0.00,,,,,,,,,,,
Crazy Taxi: Fare Wars,â‚¬4.49,â‚¬4.49,â‚¬0.00,,,,,,,,,,,
Daxter,â‚¬7.99,â‚¬2.99,â‚¬5.00,,,,,,,,,,,
Dead or Alive Paradise,â‚¬14.99,â‚¬14.99,â‚¬0.00,,,,,,,,,,,
Everybody's Golf 2,â‚¬7.99,â‚¬2.99,â‚¬5.00,,,,,,,,,,,
Final Fantasy,â‚¬9.99,â‚¬4.99,â‚¬5.00,,,,,,,,,,,
Final Fantasy II,â‚¬9.99,â‚¬4.99,â‚¬5.00,,,,,,,,,,,
Final Fantasy III,â‚¬9.99,â‚¬4.99,â‚¬5.00,,,,,,,,,,,
Final Fantasy IV,â‚¬14.99,â‚¬7.49,â‚¬7.50,,,,,,,,,,,
Grand Theft Auto: Chinatown Wars,â‚¬11.66,â‚¬5.00,â‚¬6.66,,,,,,,,,,,
Grand Theft Auto: Vice City Stories,â‚¬11.66,â‚¬5.00,â‚¬6.66,,,,,,,,,,,
Grand Theft Auto: Liberty City Stories,â‚¬11.66,â‚¬4.99,â‚¬6.67,,,,,,,,,,,
Gravity Crash,â‚¬3.99,â‚¬3.99,â‚¬0.00,,,,,,,,,,,
Jak and Daxter: The Lost Frontier,â‚¬7.99,â‚¬3.99,â‚¬4.00,,,,,,,,,,,
LEGO Batman,â‚¬9.99,â‚¬0.00,â‚¬9.99,,,,,,,,,,,
LEGO Indiana Jones,â‚¬9.99,â‚¬0.00,â‚¬9.99,,,,,,,,,,,
LEGO Pirates of the Caribbean,â‚¬4.99,â‚¬0.00,â‚¬4.99,,,,,,,,,,,
LEGO Star Wars III: The Clone Wars,â‚¬4.99,â‚¬0.00,â‚¬4.99,,,,,,,,,,,
Prinny,â‚¬9.99,â‚¬9.99,â‚¬0.00,,,,,,,,,,,
Ratchet & Clank: Size Matters,â‚¬7.99,â‚¬4.00,â‚¬3.99,,,,,,,,,,,
Resistance: Retribution,â‚¬7.99,â‚¬2.99,â‚¬5.00,,,,,,,,,,,
Super Monkey Ball Adventure,â‚¬4.49,â‚¬4.49,â‚¬0.00,,,,,,,,,,,
Tomb Raider: Anniversary,â‚¬9.99,â‚¬3.99,â‚¬6.00,,,,,,,,,,,
Tomb Raider: Legend,â‚¬9.99,â‚¬3.99,â‚¬6.00,,,,,,,,,,,
Wipeout Pulse,â‚¬7.99,â‚¬7.99,â‚¬0.00,,,,,,,,,,,
Total,â‚¬233.75,â‚¬126.31,â‚¬107.44,45.96%,26,TOTAL,,,,,,,,
Grand Total (2009-2022: 14 Years),"â‚¬16,415.54","â‚¬8,773.19","â‚¬7,642.35",46.56%,827,TOTAL,,,,,,,,
Total Per Year,"â‚¬1,172.54",â‚¬626.66,â‚¬545.88,46.56%,62,TOTAL,,,,,,,,
Total Per Game,â‚¬18.91,â‚¬10.11,â‚¬8.80,46.56%,1,TOTAL,,,,,,,,